ObservationDate,Confirmed,Confirmed_Perc_Chg,Country
01/22/2020,,nan%,Global
01/23/2020,0.17657657657657655,17.66%,Global
01/24/2020,0.44104134762633995,44.10%,Global
01/25/2020,0.5281615302869287,52.82%,Global
01/26/2020,0.4728789986091795,47.29%,Global
01/27/2020,0.38196411709159594,38.20%,Global
01/28/2020,0.9057055005124701,90.57%,Global
01/29/2020,0.1052348512011474,10.52%,Global
01/30/2020,0.33576642335766427,33.58%,Global
01/31/2020,0.20522161505768066,20.52%,Global
02/01/2020,0.21289672544080607,21.29%,Global
02/02/2020,0.3945007476324971,39.45%,Global
02/03/2020,0.18430928694823367,18.43%,Global
02/04/2020,0.20175041496906587,20.18%,Global
02/05/2020,0.15670517327975886,15.67%,Global
02/06/2020,0.11513967289043281,11.51%,Global
02/07/2020,0.11597118567071196,11.60%,Global
02/08/2020,0.07934984880204698,7.93%,Global
02/09/2020,0.08162495622423971,8.16%,Global
02/10/2020,0.06505441956613778,6.51%,Global
02/11/2020,0.047704791525384094,4.77%,Global
02/12/2020,0.00935205231792513,0.94%,Global
02/13/2020,0.33496970501083534,33.50%,Global
02/14/2020,0.10795096902434986,10.80%,Global
02/15/2020,0.03206901191561884,3.21%,Global
02/16/2020,0.031782361803221804,3.18%,Global
02/17/2020,0.028556987616881413,2.86%,Global
02/18/2020,0.025634725634725575,2.56%,Global
02/19/2020,0.006694349064388261,0.67%,Global
02/20/2020,0.007376951653203845,0.74%,Global
02/21/2020,0.00845155448234225,0.85%,Global
02/22/2020,0.02285178871204918,2.29%,Global
02/23/2020,0.004911003956793447,0.49%,Global
02/24/2020,0.007406469582832198,0.74%,Global
02/25/2020,0.01061958024381049,1.06%,Global
02/26/2020,0.012211652054964883,1.22%,Global
02/27/2020,0.01669594702507471,1.67%,Global
02/28/2020,0.016530523466576463,1.65%,Global
02/29/2020,0.02245494745851362,2.25%,Global
03/01/2020,0.027414460604792357,2.74%,Global
03/02/2020,0.021930271242828425,2.19%,Global
03/03/2020,0.02807029199747535,2.81%,Global
03/04/2020,0.024557321959415734,2.46%,Global
03/05/2020,0.029035784870274695,2.90%,Global
03/06/2020,0.03998528900966436,4.00%,Global
03/07/2020,0.039646365422396856,3.96%,Global
03/08/2020,0.03778487471181835,3.78%,Global
03/09/2020,0.034114808576501066,3.41%,Global
03/10/2020,0.044021059674948404,4.40%,Global
03/11/2020,0.06141741579666382,6.14%,Global
03/12/2020,0.01968776069598377,1.97%,Global
03/13/2020,0.13128881201156273,13.13%,Global
03/14/2020,0.07511381402684703,7.51%,Global
03/15/2020,0.07269745482033829,7.27%,Global
03/16/2020,0.08419977664574452,8.42%,Global
03/17/2020,0.08604981657541333,8.60%,Global
03/18/2020,0.0900095350158241,9.00%,Global
03/19/2020,0.1293441593188005,12.93%,Global
03/20/2020,0.12135320316587905,12.14%,Global
03/21/2020,0.11897842133689984,11.90%,Global
03/22/2020,0.1069548742566877,10.70%,Global
03/23/2020,0.12209526521556002,12.21%,Global
03/24/2020,0.10489236894071374,10.49%,Global
03/25/2020,0.1187476373450218,11.87%,Global
03/26/2020,0.1325872444898779,13.26%,Global
03/27/2020,0.1202815002520814,12.03%,Global
03/28/2020,0.11360698207119269,11.36%,Global
03/29/2020,0.089976736547837,9.00%,Global
03/30/2020,0.08644013664009775,8.64%,Global
03/31/2020,0.09598550081864654,9.60%,Global
04/01/2020,0.08760249426521916,8.76%,Global
04/02/2020,0.08652966690077801,8.65%,Global
04/03/2020,0.08152941420285931,8.15%,Global
04/04/2020,0.09260829059134945,9.26%,Global
04/05/2020,0.06239059702290284,6.24%,Global
04/06/2020,0.05737374372599957,5.74%,Global
04/07/2020,0.060214809148160686,6.02%,Global
04/08/2020,0.05960889028508598,5.96%,Global
04/09/2020,0.05575129177078475,5.58%,Global
04/10/2020,0.06040618046196755,6.04%,Global
04/11/2020,0.04716799894072232,4.72%,Global
04/12/2020,0.04243037311587705,4.24%,Global
04/13/2020,0.03825243139038714,3.83%,Global
04/14/2020,0.03070535956439202,3.07%,Global
04/15/2020,0.040412571248137796,4.04%,Global
04/16/2020,0.04697928800542783,4.70%,Global
01/22/2020,,nan%,US
01/23/2020,0.0,0.00%,US
01/24/2020,1.0,100.00%,US
01/25/2020,0.0,0.00%,US
01/26/2020,1.5,150.00%,US
01/27/2020,0.0,0.00%,US
01/28/2020,0.0,0.00%,US
01/29/2020,0.0,0.00%,US
01/30/2020,0.0,0.00%,US
01/31/2020,0.19999999999999996,20.00%,US
02/01/2020,0.33333333333333326,33.33%,US
02/02/2020,0.0,0.00%,US
02/03/2020,0.375,37.50%,US
02/04/2020,0.0,0.00%,US
02/05/2020,0.09090909090909083,9.09%,US
02/06/2020,0.0,0.00%,US
02/07/2020,0.0,0.00%,US
02/08/2020,0.0,0.00%,US
02/09/2020,0.0,0.00%,US
02/10/2020,0.0,0.00%,US
02/11/2020,0.08333333333333326,8.33%,US
02/12/2020,0.0,0.00%,US
02/13/2020,0.15384615384615374,15.38%,US
02/14/2020,0.0,0.00%,US
02/15/2020,0.0,0.00%,US
02/16/2020,0.0,0.00%,US
02/17/2020,0.0,0.00%,US
02/18/2020,0.0,0.00%,US
02/19/2020,0.0,0.00%,US
02/20/2020,0.0,0.00%,US
02/21/2020,1.3333333333333335,133.33%,US
02/22/2020,0.0,0.00%,US
02/23/2020,0.0,0.00%,US
02/24/2020,0.5142857142857142,51.43%,US
02/25/2020,0.0,0.00%,US
02/26/2020,0.1132075471698113,11.32%,US
02/27/2020,0.016949152542372836,1.69%,US
02/28/2020,0.03333333333333344,3.33%,US
02/29/2020,0.12903225806451624,12.90%,US
03/01/2020,0.08571428571428563,8.57%,US
03/02/2020,0.32894736842105265,32.89%,US
03/03/2020,0.20792079207920788,20.79%,US
03/04/2020,0.25409836065573765,25.41%,US
03/05/2020,0.4444444444444444,44.44%,US
03/06/2020,0.25791855203619907,25.79%,US
03/07/2020,0.5,50.00%,US
03/08/2020,0.28776978417266186,28.78%,US
03/09/2020,0.12662942271880828,12.66%,US
03/10/2020,0.5851239669421489,58.51%,US
03/11/2020,0.33576642335766427,33.58%,US
03/12/2020,0.29820452771272454,29.82%,US
03/13/2020,0.31028262176788934,31.03%,US
03/14/2020,0.2510325837540155,25.10%,US
03/15/2020,0.2835656639765223,28.36%,US
03/16/2020,0.3238068019434124,32.38%,US
03/17/2020,0.3862262521588946,38.62%,US
03/18/2020,0.21258370970253848,21.26%,US
03/19/2020,0.7569997431286926,75.70%,US
03/20/2020,0.3962719298245614,39.63%,US
03/21/2020,0.3357415842102507,33.57%,US
03/22/2020,0.3266441953437329,32.66%,US
03/23/2020,0.28997281966438204,29.00%,US
03/24/2020,0.23069876096466113,23.07%,US
03/25/2020,0.22409557838320682,22.41%,US
03/26/2020,0.27452947794095284,27.45%,US
03/27/2020,0.21256977909251407,21.26%,US
03/28/2020,0.19485131373146958,19.49%,US
03/29/2020,0.16007903511299548,16.01%,US
03/30/2020,0.1484788054701971,14.85%,US
03/31/2020,0.162768567209002,16.28%,US
04/01/2020,0.13392003061029278,13.39%,US
04/02/2020,0.14166338601128547,14.17%,US
04/03/2020,0.13131006284919078,13.13%,US
04/04/2020,0.12071367921447385,12.07%,US
04/05/2020,0.09136709049288827,9.14%,US
04/06/2020,0.08780023259125658,8.78%,US
04/07/2020,0.08060719944800043,8.06%,US
04/08/2020,0.0828548569871006,8.29%,US
04/09/2020,0.07548036135480074,7.55%,US
04/10/2020,0.07606238771489937,7.61%,US
04/11/2020,0.060138761618012904,6.01%,US
04/12/2020,0.05493392806936215,5.49%,US
04/13/2020,0.04557069616594611,4.56%,US
04/14/2020,0.046589932468624085,4.66%,US
04/15/2020,0.047196669244820466,4.72%,US
04/16/2020,0.04942405908698033,4.94%,US
01/22/2020,,nan%,Mainland China
01/23/2020,0.16819012797074961,16.82%,Mainland China
01/24/2020,0.4334898278560251,43.35%,Mainland China
01/25/2020,0.527292576419214,52.73%,Mainland China
01/26/2020,0.4739099356683345,47.39%,Mainland China
01/27/2020,0.3884578079534433,38.85%,Mainland China
01/28/2020,0.9189661194551171,91.90%,Mainland China
01/29/2020,0.10484164543137964,10.48%,Mainland China
01/30/2020,0.3383855024711697,33.84%,Mainland China
01/31/2020,0.20420974889217125,20.42%,Mainland China
02/01/2020,0.21343146274149039,21.34%,Mainland China
02/02/2020,0.3989554376210933,39.90%,Mainland China
02/03/2020,0.18582525441079056,18.58%,Mainland China
02/04/2020,0.2024577260955669,20.25%,Mainland China
02/05/2020,0.1574746621621621,15.75%,Mainland China
02/06/2020,0.1147068481155824,11.47%,Mainland China
02/07/2020,0.11527509573527972,11.53%,Mainland China
02/08/2020,0.07932501834189298,7.93%,Mainland China
02/09/2020,0.08189678612213824,8.19%,Mainland China
02/10/2020,0.06323196783111329,6.32%,Mainland China
02/11/2020,0.047771001749160824,4.78%,Mainland China
02/12/2020,0.008392176325941358,0.84%,Mainland China
02/13/2020,0.33855343519989267,33.86%,Mainland China
02/14/2020,0.10796897981013509,10.80%,Mainland China
02/15/2020,0.030999215591624996,3.10%,Mainland China
02/16/2020,0.030710930984534812,3.07%,Mainland China
02/17/2020,0.02722652812083015,2.72%,Mainland China
02/18/2020,0.02452877121220487,2.45%,Mainland China
02/19/2020,0.005489688288215389,0.55%,Mainland China
02/20/2020,0.006076784804013524,0.61%,Mainland China
02/21/2020,0.006306750756676749,0.63%,Mainland China
02/22/2020,0.019212423150307467,1.92%,Mainland China
02/23/2020,0.00020800291204081667,0.02%,Mainland China
02/24/2020,0.002781460396683144,0.28%,Mainland China
02/25/2020,0.00658440481128153,0.66%,Mainland China
02/26/2020,0.005215039917589426,0.52%,Mainland China
02/27/2020,0.005546659834753109,0.55%,Mainland China
02/28/2020,0.004152972050243342,0.42%,Mainland China
02/29/2020,0.0054171318380189515,0.54%,Mainland China
03/01/2020,0.0072554289535777805,0.73%,Mainland China
03/02/2020,0.0025054493523413157,0.25%,Mainland China
03/03/2020,0.0015619923524854418,0.16%,Mainland China
03/04/2020,0.001497174083916697,0.15%,Mainland China
03/05/2020,0.0018811276799841625,0.19%,Mainland China
03/06/2020,0.0018775956827734586,0.19%,Mainland China
03/07/2020,0.0009804773311159476,0.10%,Mainland China
03/08/2020,0.0005827505827504798,0.06%,Mainland China
03/09/2020,0.0004461021821831057,0.04%,Mainland China
03/10/2020,0.00027249643896709586,0.03%,Mainland China
03/11/2020,0.0003467191698551808,0.03%,Mainland China
03/12/2020,9.90282849537838e-05,0.01%,Mainland China
03/13/2020,9.901847932369812e-05,0.01%,Mainland China
03/14/2020,0.00032177819581447054,0.03%,Mainland China
03/15/2020,0.00025981417100728876,0.03%,Mainland China
03/16/2020,0.00023500890560068655,0.02%,Mainland China
03/17/2020,0.00021022172208695622,0.02%,Mainland China
03/18/2020,0.0002719944612037395,0.03%,Mainland China
03/19/2020,0.0003090005685610908,0.03%,Mainland China
03/20/2020,0.0005683854147360279,0.06%,Mainland China
03/21/2020,0.0004569198661348306,0.05%,Mainland China
03/22/2020,0.0005678030957612101,0.06%,Mainland China
03/23/2020,0.000690846286701241,0.07%,Mainland China
03/24/2020,0.0007889935401153014,0.08%,Mainland China
03/25/2020,0.0005050505050505638,0.05%,Mainland China
03/26/2020,0.0009480306817202244,0.09%,Mainland China
03/27/2020,0.0005781200029522093,0.06%,Mainland China
03/28/2020,0.0006884258405557286,0.07%,Mainland China
03/29/2020,0.0005282490387095162,0.05%,Mainland China
03/30/2020,0.0004174647610628579,0.04%,Mainland China
03/31/2020,0.0005645695770637449,0.06%,Mainland China
04/01/2020,0.00038025612089698235,0.04%,Mainland China
04/02/2020,0.0004168965728650331,0.04%,Mainland China
04/03/2020,0.00041672284254001823,0.04%,Mainland China
04/04/2020,0.00018377173100714295,0.02%,Mainland China
04/05/2020,0.0003674759303264885,0.04%,Mainland China
04/06/2020,0.00047754322378401604,0.05%,Mainland China
04/07/2020,0.0003916433108546169,0.04%,Mainland China
04/08/2020,0.0007952140349161141,0.08%,Mainland China
04/09/2020,0.0007456848075888534,0.07%,Mainland China
04/10/2020,0.0005130397605814796,0.05%,Mainland China
04/11/2020,0.000756956059921654,0.08%,Mainland China
04/12/2020,0.0014151691493125007,0.14%,Mainland China
04/13/2020,0.0009015045379789921,0.09%,Mainland China
04/14/2020,0.001095436896749069,0.11%,Mainland China
04/15/2020,0.0005471191139101439,0.05%,Mainland China
04/16/2020,0.0005711230466376449,0.06%,Mainland China
01/31/2020,,nan%,Italy
02/01/2020,0.0,0.00%,Italy
02/02/2020,0.0,0.00%,Italy
02/03/2020,0.0,0.00%,Italy
02/04/2020,0.0,0.00%,Italy
02/05/2020,0.0,0.00%,Italy
02/06/2020,0.0,0.00%,Italy
02/07/2020,0.5,50.00%,Italy
02/08/2020,0.0,0.00%,Italy
02/09/2020,0.0,0.00%,Italy
02/10/2020,0.0,0.00%,Italy
02/11/2020,0.0,0.00%,Italy
02/12/2020,0.0,0.00%,Italy
02/13/2020,0.0,0.00%,Italy
02/14/2020,0.0,0.00%,Italy
02/15/2020,0.0,0.00%,Italy
02/16/2020,0.0,0.00%,Italy
02/17/2020,0.0,0.00%,Italy
02/18/2020,0.0,0.00%,Italy
02/19/2020,0.0,0.00%,Italy
02/20/2020,0.0,0.00%,Italy
02/21/2020,5.666666666666667,566.67%,Italy
02/22/2020,2.1,210.00%,Italy
02/23/2020,1.5,150.00%,Italy
02/24/2020,0.4774193548387098,47.74%,Italy
02/25/2020,0.4061135371179039,40.61%,Italy
02/26/2020,0.4068322981366459,40.68%,Italy
02/27/2020,0.44591611479028703,44.59%,Italy
02/28/2020,0.35572519083969456,35.57%,Italy
02/29/2020,0.2702702702702702,27.03%,Italy
03/01/2020,0.50177304964539,50.18%,Italy
03/02/2020,0.2018890200708383,20.19%,Italy
03/03/2020,0.22888015717092336,22.89%,Italy
03/04/2020,0.23461231015187844,23.46%,Italy
03/05/2020,0.24894787957267717,24.89%,Italy
03/06/2020,0.2016588906168999,20.17%,Italy
03/07/2020,0.26898188093183784,26.90%,Italy
03/08/2020,0.2536121026687064,25.36%,Italy
03/09/2020,0.24366101694915243,24.37%,Italy
03/10/2020,0.10651984300043615,10.65%,Italy
03/11/2020,0.22790422701744006,22.79%,Italy
03/12/2020,0.0,0.00%,Italy
03/13/2020,0.41710800834537,41.71%,Italy
03/14/2020,0.19801812004530017,19.80%,Italy
03/15/2020,0.16968379259819444,16.97%,Italy
03/16/2020,0.1306420980320846,13.06%,Italy
03/17/2020,0.12601858470335947,12.60%,Italy
03/18/2020,0.13353012124674657,13.35%,Italy
03/19/2020,0.14902136476913164,14.90%,Italy
03/20/2020,0.14587547215791408,14.59%,Italy
03/21/2020,0.1394483315965207,13.94%,Italy
03/22/2020,0.10377393706372029,10.38%,Italy
03/23/2020,0.08098008048970207,8.10%,Italy
03/24/2020,0.08210928089852487,8.21%,Italy
03/25/2020,0.07531513819821911,7.53%,Italy
03/26/2020,0.08338934745785487,8.34%,Italy
03/27/2020,0.07332266190174841,7.33%,Italy
03/28/2020,0.06906518069781953,6.91%,Italy
03/29/2020,0.05641707760186865,5.64%,Italy
03/30/2020,0.04145809661272004,4.15%,Italy
03/31/2020,0.039837230560552106,3.98%,Italy
04/01/2020,0.04520190562613435,4.52%,Italy
04/02/2020,0.04221607249443804,4.22%,Italy
04/03/2020,0.039785841967338254,3.98%,Italy
04/04/2020,0.04009947674564174,4.01%,Italy
04/05/2020,0.034629950574491364,3.46%,Italy
04/06/2020,0.027910475540527946,2.79%,Italy
04/07/2020,0.02292771620632683,2.29%,Italy
04/08/2020,0.028292006549348825,2.83%,Italy
04/09/2020,0.030153060492605244,3.02%,Italy
04/10/2020,0.02750894684806382,2.75%,Italy
04/11/2020,0.03180712441640643,3.18%,Italy
04/12/2020,0.026873140650550686,2.69%,Italy
04/13/2020,0.020164616949022385,2.02%,Italy
04/14/2020,0.018631359863587438,1.86%,Italy
04/15/2020,0.016413519767613627,1.64%,Italy
04/16/2020,0.022923919953982574,2.29%,Italy
01/22/2020,,nan%,South Korea
01/23/2020,0.0,0.00%,South Korea
01/24/2020,1.0,100.00%,South Korea
01/25/2020,0.0,0.00%,South Korea
01/26/2020,0.5,50.00%,South Korea
01/27/2020,0.33333333333333326,33.33%,South Korea
01/28/2020,0.0,0.00%,South Korea
01/29/2020,0.0,0.00%,South Korea
01/30/2020,0.0,0.00%,South Korea
01/31/2020,1.75,175.00%,South Korea
02/01/2020,0.09090909090909083,9.09%,South Korea
02/02/2020,0.25,25.00%,South Korea
02/03/2020,0.0,0.00%,South Korea
02/04/2020,0.06666666666666665,6.67%,South Korea
02/05/2020,0.1875,18.75%,South Korea
02/06/2020,0.21052631578947367,21.05%,South Korea
02/07/2020,0.04347826086956519,4.35%,South Korea
02/08/2020,0.0,0.00%,South Korea
02/09/2020,0.04166666666666674,4.17%,South Korea
02/10/2020,0.08000000000000007,8.00%,South Korea
02/11/2020,0.03703703703703698,3.70%,South Korea
02/12/2020,0.0,0.00%,South Korea
02/13/2020,0.0,0.00%,South Korea
02/14/2020,0.0,0.00%,South Korea
02/15/2020,0.0,0.00%,South Korea
02/16/2020,0.03571428571428581,3.57%,South Korea
02/17/2020,0.034482758620689724,3.45%,South Korea
02/18/2020,0.03333333333333344,3.33%,South Korea
02/19/2020,0.0,0.00%,South Korea
02/20/2020,2.3548387096774195,235.48%,South Korea
02/21/2020,0.9615384615384615,96.15%,South Korea
02/22/2020,1.1225490196078431,112.25%,South Korea
02/23/2020,0.39030023094688215,39.03%,South Korea
02/24/2020,0.38372093023255816,38.37%,South Korea
02/25/2020,0.17286914765906358,17.29%,South Korea
02/26/2020,0.29068577277379726,29.07%,South Korea
02/27/2020,0.4004758128469468,40.05%,South Korea
02/28/2020,0.32332955832389576,32.33%,South Korea
02/29/2020,0.3478818998716302,34.79%,South Korea
03/01/2020,0.186031746031746,18.60%,South Korea
03/02/2020,0.16033190578158463,16.03%,South Korea
03/03/2020,0.19630911188004618,19.63%,South Korea
03/04/2020,0.08387967605090618,8.39%,South Korea
03/05/2020,0.08308130225938437,8.31%,South Korea
03/06/2020,0.08295006570302244,8.30%,South Korea
03/07/2020,0.06795085696951308,6.80%,South Korea
03/08/2020,0.03877290157648061,3.88%,South Korea
03/09/2020,0.02242275088870649,2.24%,South Korea
03/10/2020,0.004680395827761474,0.47%,South Korea
03/11/2020,0.03221083455344065,3.22%,South Korea
03/12/2020,0.01470019342359774,1.47%,South Korea
03/13/2020,0.013978904562206074,1.40%,South Korea
03/14/2020,0.01341020177967156,1.34%,South Korea
03/15/2020,0.00939896116744987,0.94%,South Korea
03/16/2020,0.009066405292820434,0.91%,South Korea
03/17/2020,0.010199125789218,1.02%,South Korea
03/18/2020,0.011177884615384714,1.12%,South Korea
03/19/2020,0.01806727683347198,1.81%,South Korea
03/20/2020,0.010157618213660236,1.02%,South Korea
03/21/2020,0.016990291262136026,1.70%,South Korea
03/22/2020,0.011137629276054106,1.11%,South Korea
03/23/2020,0.007193435989659491,0.72%,South Korea
03/24/2020,0.008481196295056392,0.85%,South Korea
03/25/2020,0.011065619121389814,1.11%,South Korea
03/26/2020,0.011382291780672071,1.14%,South Korea
03/27/2020,0.009847419110485811,0.98%,South Korea
03/28/2020,0.015645092156022278,1.56%,South Korea
03/29/2020,0.01107828655834564,1.11%,South Korea
03/30/2020,0.008139413544818952,0.81%,South Korea
03/31/2020,0.012938619190560052,1.29%,South Korea
04/01/2020,0.010320866544042406,1.03%,South Korea
04/02/2020,0.009001719429553967,0.90%,South Korea
04/03/2020,0.008620689655172376,0.86%,South Korea
04/04/2020,0.009342079109520895,0.93%,South Korea
04/05/2020,0.007975580937376936,0.80%,South Korea
04/06/2020,0.0045911888248511,0.46%,South Korea
04/07/2020,0.004570206145468658,0.46%,South Korea
04/08/2020,0.00513019068821996,0.51%,South Korea
04/09/2020,0.003755778120184905,0.38%,South Korea
04/10/2020,0.0025904250215869062,0.26%,South Korea
04/11/2020,0.002870813397129135,0.29%,South Korea
04/12/2020,0.003053435114503733,0.31%,South Korea
04/13/2020,0.002378234398782375,0.24%,South Korea
04/14/2020,0.002562399164847573,0.26%,South Korea
04/15/2020,0.0025558500567965936,0.26%,South Korea
04/16/2020,0.002077235388537435,0.21%,South Korea
01/28/2020,,nan%,Germany
01/29/2020,0.0,0.00%,Germany
01/30/2020,0.0,0.00%,Germany
01/31/2020,0.25,25.00%,Germany
02/01/2020,0.6000000000000001,60.00%,Germany
02/02/2020,0.25,25.00%,Germany
02/03/2020,0.19999999999999996,20.00%,Germany
02/04/2020,0.0,0.00%,Germany
02/05/2020,0.0,0.00%,Germany
02/06/2020,0.0,0.00%,Germany
02/07/2020,0.08333333333333326,8.33%,Germany
02/08/2020,0.0,0.00%,Germany
02/09/2020,0.07692307692307687,7.69%,Germany
02/10/2020,0.0,0.00%,Germany
02/11/2020,0.1428571428571428,14.29%,Germany
02/12/2020,0.0,0.00%,Germany
02/13/2020,0.0,0.00%,Germany
02/14/2020,0.0,0.00%,Germany
02/15/2020,0.0,0.00%,Germany
02/16/2020,0.0,0.00%,Germany
02/17/2020,0.0,0.00%,Germany
02/18/2020,0.0,0.00%,Germany
02/19/2020,0.0,0.00%,Germany
02/20/2020,0.0,0.00%,Germany
02/21/2020,0.0,0.00%,Germany
02/22/2020,0.0,0.00%,Germany
02/23/2020,0.0,0.00%,Germany
02/24/2020,0.0,0.00%,Germany
02/25/2020,0.0625,6.25%,Germany
02/26/2020,0.588235294117647,58.82%,Germany
02/27/2020,0.7037037037037037,70.37%,Germany
02/28/2020,0.04347826086956519,4.35%,Germany
02/29/2020,0.6458333333333333,64.58%,Germany
03/01/2020,0.6455696202531647,64.56%,Germany
03/02/2020,0.22307692307692317,22.31%,Germany
03/03/2020,0.23270440251572322,23.27%,Germany
03/04/2020,0.33673469387755106,33.67%,Germany
03/05/2020,0.8396946564885497,83.97%,Germany
03/06/2020,0.39004149377593356,39.00%,Germany
03/07/2020,0.19253731343283587,19.25%,Germany
03/08/2020,0.3016270337922402,30.16%,Germany
03/09/2020,0.13076923076923075,13.08%,Germany
03/10/2020,0.2389455782312926,23.89%,Germany
03/11/2020,0.3095401509951956,30.95%,Germany
03/12/2020,0.08909853249475885,8.91%,Germany
03/13/2020,0.7685274302213667,76.85%,Germany
03/14/2020,0.24761904761904763,24.76%,Germany
03/15/2020,0.26390403489640124,26.39%,Germany
03/16/2020,0.25487489214840386,25.49%,Germany
03/17/2020,0.272964796479648,27.30%,Germany
03/18/2020,0.3316409203845738,33.16%,Germany
03/19/2020,0.2428003569400503,24.28%,Germany
03/20/2020,0.2955613577023499,29.56%,Germany
03/21/2020,0.11915558242644098,11.92%,Germany
03/22/2020,0.11974969612389152,11.97%,Germany
03/23/2020,0.16817432557391543,16.82%,Germany
03/24/2020,0.13525605726872247,13.53%,Germany
03/25/2020,0.1314800218274419,13.15%,Germany
03/26/2020,0.1772365565469014,17.72%,Germany
03/27/2020,0.15779052300969543,15.78%,Germany
03/28/2020,0.13414322502014908,13.41%,Germany
03/29/2020,0.07626310772163958,7.63%,Germany
03/30/2020,0.0771398663338434,7.71%,Germany
03/31/2020,0.07360394707333473,7.36%,Germany
04/01/2020,0.0844474153297683,8.44%,Germany
04/02/2020,0.08888945962605299,8.89%,Germany
04/03/2020,0.07506427341557176,7.51%,Germany
04/04/2020,0.054114239954365484,5.41%,Germany
04/05/2020,0.041949381842401046,4.19%,Germany
04/06/2020,0.03247006182395662,3.25%,Germany
04/07/2020,0.041490123241821,4.15%,Germany
04/08/2020,0.05232066726730622,5.23%,Germany
04/09/2020,0.043117144471119806,4.31%,Germany
04/10/2020,0.033761772196884365,3.38%,Germany
04/11/2020,0.022403025267862198,2.24%,Germany
04/12/2020,0.023585358824094627,2.36%,Germany
04/13/2020,0.01734791246265277,1.73%,Germany
04/14/2020,0.009894519958177028,0.99%,Germany
04/15/2020,0.025837590115637354,2.58%,Germany
04/16/2020,0.021854801006285562,2.19%,Germany
02/19/2020,,nan%,Iran
02/20/2020,1.5,150.00%,Iran
02/21/2020,2.6,260.00%,Iran
02/22/2020,0.5555555555555556,55.56%,Iran
02/23/2020,0.5357142857142858,53.57%,Iran
02/24/2020,0.4186046511627908,41.86%,Iran
02/25/2020,0.5573770491803278,55.74%,Iran
02/26/2020,0.4631578947368422,46.32%,Iran
02/27/2020,0.7625899280575539,76.26%,Iran
02/28/2020,0.583673469387755,58.37%,Iran
02/29/2020,0.5283505154639174,52.84%,Iran
03/01/2020,0.6492411467116357,64.92%,Iran
03/02/2020,0.5347648261758691,53.48%,Iran
03/03/2020,0.5562958027981346,55.63%,Iran
03/04/2020,0.2508561643835616,25.09%,Iran
03/05/2020,0.20225872689938407,20.23%,Iran
03/06/2020,0.35126672359806443,35.13%,Iran
03/07/2020,0.22666947545818417,22.67%,Iran
03/08/2020,0.12759745835479985,12.76%,Iran
03/09/2020,0.0906183368869935,9.06%,Iran
03/10/2020,0.12302751012428437,12.30%,Iran
03/11/2020,0.11912459587167379,11.91%,Iran
03/12/2020,0.11944444444444446,11.94%,Iran
03/13/2020,0.12794044665012416,12.79%,Iran
03/14/2020,0.12011615628299888,12.01%,Iran
03/15/2020,0.09497996700447797,9.50%,Iran
03/16/2020,0.07554885923374943,7.55%,Iran
03/17/2020,0.0785804816223068,7.86%,Iran
03/18/2020,0.07372131857257713,7.37%,Iran
03/19/2020,0.06024998559990791,6.02%,Iran
03/20/2020,0.06720269462704409,6.72%,Iran
03/21/2020,0.04917532070861341,4.92%,Iran
03/22/2020,0.04987869966035907,4.99%,Iran
03/23/2020,0.06520935391440985,6.52%,Iran
03/24/2020,0.07644583279101047,7.64%,Iran
03/25/2020,0.08891217605094504,8.89%,Iran
03/26/2020,0.08842580597401639,8.84%,Iran
03/27/2020,0.09950350268652652,9.95%,Iran
03/28/2020,0.09513794383273533,9.51%,Iran
03/29/2020,0.08193063714414817,8.19%,Iran
03/30/2020,0.08316583570440361,8.32%,Iran
03/31/2020,0.0749487890107241,7.49%,Iran
04/01/2020,0.06698800582894293,6.70%,Iran
04/02/2020,0.06040804319963011,6.04%,Iran
04/03/2020,0.053796465086787704,5.38%,Iran
04/04/2020,0.048135682454919726,4.81%,Iran
04/05/2020,0.04454370952406572,4.45%,Iran
04/06/2020,0.03905471782365266,3.91%,Iran
04/07/2020,0.03452892561983467,3.45%,Iran
04/08/2020,0.0319065650513668,3.19%,Iran
04/09/2020,0.025299600532623145,2.53%,Iran
04/10/2020,0.029779522802778624,2.98%,Iran
04/11/2020,0.02693864382918809,2.69%,Iran
04/12/2020,0.023661625897842375,2.37%,Iran
04/13/2020,0.02255670563289902,2.26%,Iran
04/14/2020,0.021472518177973576,2.15%,Iran
04/15/2020,0.020193116711406667,2.02%,Iran
04/16/2020,0.021023969419680766,2.10%,Iran
01/24/2020,,nan%,France
01/25/2020,0.5,50.00%,France
01/26/2020,0.0,0.00%,France
01/27/2020,0.0,0.00%,France
01/28/2020,0.33333333333333326,33.33%,France
01/29/2020,0.25,25.00%,France
01/30/2020,0.0,0.00%,France
01/31/2020,0.0,0.00%,France
02/01/2020,0.19999999999999996,20.00%,France
02/02/2020,0.0,0.00%,France
02/03/2020,0.0,0.00%,France
02/04/2020,0.0,0.00%,France
02/05/2020,0.0,0.00%,France
02/06/2020,0.0,0.00%,France
02/07/2020,0.0,0.00%,France
02/08/2020,0.8333333333333333,83.33%,France
02/09/2020,0.0,0.00%,France
02/10/2020,0.0,0.00%,France
02/11/2020,0.0,0.00%,France
02/12/2020,0.0,0.00%,France
02/13/2020,0.0,0.00%,France
02/14/2020,0.0,0.00%,France
02/15/2020,0.09090909090909083,9.09%,France
02/16/2020,0.0,0.00%,France
02/17/2020,0.0,0.00%,France
02/18/2020,0.0,0.00%,France
02/19/2020,0.0,0.00%,France
02/20/2020,0.0,0.00%,France
02/21/2020,0.0,0.00%,France
02/22/2020,0.0,0.00%,France
02/23/2020,0.0,0.00%,France
02/24/2020,0.0,0.00%,France
02/25/2020,0.16666666666666674,16.67%,France
02/26/2020,0.2857142857142858,28.57%,France
02/27/2020,1.1111111111111112,111.11%,France
02/28/2020,0.5,50.00%,France
02/29/2020,0.7543859649122806,75.44%,France
03/01/2020,0.30000000000000004,30.00%,France
03/02/2020,0.46923076923076934,46.92%,France
03/03/2020,0.0680628272251309,6.81%,France
03/04/2020,0.3970588235294117,39.71%,France
03/05/2020,0.32280701754385954,32.28%,France
03/06/2020,0.7320954907161803,73.21%,France
03/07/2020,0.4532924961715161,45.33%,France
03/08/2020,0.18651211801896728,18.65%,France
03/09/2020,0.07371225577264662,7.37%,France
03/10/2020,0.4755996691480562,47.56%,France
03/11/2020,0.28026905829596416,28.03%,France
03/12/2020,0.0,0.00%,France
03/13/2020,0.6055166374781087,60.55%,France
03/14/2020,0.22170711753476957,22.17%,France
03/15/2020,0.007366071428571486,0.74%,France
03/16/2020,0.4735209395080877,47.35%,France
03/17/2020,0.15533834586466155,15.53%,France
03/18/2020,0.17818560458154376,17.82%,France
03/19/2020,0.20260715863897483,20.26%,France
03/20/2020,0.16038949108947276,16.04%,France
03/21/2020,0.13267891070297666,13.27%,France
03/22/2020,0.13321218898518317,13.32%,France
03/23/2020,0.24108794868632044,24.11%,France
03/24/2020,0.12418625453461218,12.42%,France
03/25/2020,0.13164176465387678,13.16%,France
03/26/2020,0.15433593749999996,15.43%,France
03/27/2020,0.13031707894825884,13.03%,France
03/28/2020,0.14079995209867668,14.08%,France
03/29/2020,0.06831124524340648,6.83%,France
03/30/2020,0.10960990468703935,10.96%,France
03/31/2020,0.1695151649324773,16.95%,France
04/01/2020,0.09317205217029167,9.32%,France
04/02/2020,0.03774957142115021,3.77%,France
04/03/2020,0.08798745181798462,8.80%,France
04/04/2020,0.39333149289899083,39.33%,France
04/05/2020,0.032196636139485646,3.22%,France
04/06/2020,0.05534642167788162,5.53%,France
04/07/2020,0.11218334124874962,11.22%,France
04/08/2020,0.03537909417162588,3.54%,France
04/09/2020,0.04231346361410693,4.23%,France
04/10/2020,0.06019481230163071,6.02%,France
04/11/2020,0.03808434777775127,3.81%,France
04/12/2020,0.022512564351664155,2.25%,France
04/13/2020,0.031458068377347104,3.15%,France
04/14/2020,-0.047245693563010005,-4.72%,France
04/15/2020,0.024520215284597358,2.45%,France
04/16/2020,0.09294705086861543,9.29%,France
02/01/2020,,nan%,Spain
02/02/2020,0.0,0.00%,Spain
02/03/2020,0.0,0.00%,Spain
02/04/2020,0.0,0.00%,Spain
02/05/2020,0.0,0.00%,Spain
02/06/2020,0.0,0.00%,Spain
02/07/2020,0.0,0.00%,Spain
02/08/2020,0.0,0.00%,Spain
02/09/2020,1.0,100.00%,Spain
02/10/2020,0.0,0.00%,Spain
02/11/2020,0.0,0.00%,Spain
02/12/2020,0.0,0.00%,Spain
02/13/2020,0.0,0.00%,Spain
02/14/2020,0.0,0.00%,Spain
02/15/2020,0.0,0.00%,Spain
02/16/2020,0.0,0.00%,Spain
02/17/2020,0.0,0.00%,Spain
02/18/2020,0.0,0.00%,Spain
02/19/2020,0.0,0.00%,Spain
02/20/2020,0.0,0.00%,Spain
02/21/2020,0.0,0.00%,Spain
02/22/2020,0.0,0.00%,Spain
02/23/2020,0.0,0.00%,Spain
02/24/2020,0.0,0.00%,Spain
02/25/2020,2.0,200.00%,Spain
02/26/2020,1.1666666666666665,116.67%,Spain
02/27/2020,0.15384615384615374,15.38%,Spain
02/28/2020,1.1333333333333333,113.33%,Spain
02/29/2020,0.40625,40.62%,Spain
03/01/2020,0.8666666666666667,86.67%,Spain
03/02/2020,0.4285714285714286,42.86%,Spain
03/03/2020,0.375,37.50%,Spain
03/04/2020,0.34545454545454546,34.55%,Spain
03/05/2020,0.16666666666666674,16.67%,Spain
03/06/2020,0.5444015444015444,54.44%,Spain
03/07/2020,0.25,25.00%,Spain
03/08/2020,0.3460000000000001,34.60%,Spain
03/09/2020,0.5943536404160477,59.44%,Spain
03/10/2020,0.5796831314072692,57.97%,Spain
03/11/2020,0.343362831858407,34.34%,Spain
03/12/2020,0.0,0.00%,Spain
03/13/2020,1.297760210803689,129.78%,Spain
03/14/2020,0.22152140672782883,22.15%,Spain
03/15/2020,0.22015334063526826,22.02%,Spain
03/16/2020,0.2749422928956142,27.49%,Spain
03/17/2020,0.18165359082679533,18.17%,Spain
03/18/2020,0.18403132448076276,18.40%,Spain
03/19/2020,0.29137311286844003,29.14%,Spain
03/20/2020,0.13622446139286315,13.62%,Spain
03/21/2020,0.2432141107300343,24.32%,Spain
03/22/2020,0.1272562465515883,12.73%,Spain
03/23/2020,0.22840261511030313,22.84%,Spain
03/24/2020,0.13516051912568305,13.52%,Spain
03/25/2020,0.24144415193681845,24.14%,Spain
03/26/2020,0.1670402908209634,16.70%,Spain
03/27/2020,0.1372823867372721,13.73%,Spain
03/28/2020,0.11436570854699557,11.44%,Spain
03/29/2020,0.09387587901959438,9.39%,Spain
03/30/2020,0.09794033204344021,9.79%,Spain
03/31/2020,0.09057938059939064,9.06%,Spain
04/01/2020,0.08543310780521884,8.54%,Spain
04/02/2020,0.0763268599089495,7.63%,Spain
04/03/2020,0.06365948333556415,6.37%,Spain
04/04/2020,0.05846525558100324,5.85%,Spain
04/05/2020,0.04341829941031006,4.34%,Spain
04/06/2020,0.03820093280464265,3.82%,Spain
04/07/2020,0.03853667459301269,3.85%,Spain
04/08/2020,0.044229333107889124,4.42%,Spain
04/09/2020,0.03374713264066931,3.37%,Spain
04/10/2020,0.03296523997859313,3.30%,Spain
04/11/2020,0.030036708724798356,3.00%,Spain
04/12/2020,0.0233335582449532,2.33%,Spain
04/13/2020,0.019588685556041652,1.96%,Spain
04/14/2020,0.01435634542237163,1.44%,Spain
04/15/2020,0.029575579137712138,2.96%,Spain
04/16/2020,0.04111593974465788,4.11%,Spain
02/25/2020,,nan%,Switzerland
02/26/2020,0.0,0.00%,Switzerland
02/27/2020,7.0,700.00%,Switzerland
02/28/2020,0.0,0.00%,Switzerland
02/29/2020,1.25,125.00%,Switzerland
03/01/2020,0.5,50.00%,Switzerland
03/02/2020,0.5555555555555556,55.56%,Switzerland
03/03/2020,0.33333333333333326,33.33%,Switzerland
03/04/2020,0.6071428571428572,60.71%,Switzerland
03/05/2020,0.2666666666666666,26.67%,Switzerland
03/06/2020,0.8771929824561404,87.72%,Switzerland
03/07/2020,0.25233644859813076,25.23%,Switzerland
03/08/2020,0.2574626865671641,25.75%,Switzerland
03/09/2020,0.10979228486646875,10.98%,Switzerland
03/10/2020,0.3128342245989304,31.28%,Switzerland
03/11/2020,0.32790224032586557,32.79%,Switzerland
03/12/2020,0.0,0.00%,Switzerland
03/13/2020,0.7469325153374233,74.69%,Switzerland
03/14/2020,0.1931518876207199,19.32%,Switzerland
03/15/2020,0.6188373804267844,61.88%,Switzerland
03/16/2020,0.0,0.00%,Switzerland
03/17/2020,0.2272727272727273,22.73%,Switzerland
03/18/2020,0.12148148148148152,12.15%,Switzerland
03/19/2020,0.34577278731836203,34.58%,Switzerland
03/20/2020,0.2991411042944785,29.91%,Switzerland
03/21/2020,0.24197204382319604,24.20%,Switzerland
03/22/2020,0.13673003802281358,13.67%,Switzerland
03/23/2020,0.17674605298367685,17.67%,Switzerland
03/24/2020,0.12302444570778848,12.30%,Switzerland
03/25/2020,0.10327022375215145,10.33%,Switzerland
03/26/2020,0.08387629622831971,8.39%,Switzerland
03/27/2020,0.0945728558123784,9.46%,Switzerland
03/28/2020,0.08879950495049505,8.88%,Switzerland
03/29/2020,0.05349531116794548,5.35%,Switzerland
03/30/2020,0.07370692561872016,7.37%,Switzerland
03/31/2020,0.04289662102750902,4.29%,Switzerland
04/01/2020,0.0700391448358928,7.00%,Switzerland
04/02/2020,0.05960153084196307,5.96%,Switzerland
04/03/2020,0.04137674616242637,4.14%,Switzerland
04/04/2020,0.04585331021115979,4.59%,Switzerland
04/05/2020,0.029017312850524224,2.90%,Switzerland
04/06/2020,0.0263981042654029,2.64%,Switzerland
04/07/2020,0.02751997044835397,2.75%,Switzerland
04/08/2020,0.04615108075315688,4.62%,Switzerland
04/09/2020,0.03311855670103103,3.31%,Switzerland
04/10/2020,0.02078915637603429,2.08%,Switzerland
04/11/2020,0.02264673536719486,2.26%,Switzerland
04/12/2020,0.012267495120882543,1.23%,Switzerland
04/13/2020,0.010741687979539671,1.07%,Switzerland
04/14/2020,0.009654313298038009,0.97%,Switzerland
04/15/2020,0.015422578655151176,1.54%,Switzerland
04/16/2020,0.015036452004860257,1.50%,Switzerland
01/31/2020,,nan%,UK
02/01/2020,0.0,0.00%,UK
02/02/2020,0.0,0.00%,UK
02/03/2020,0.0,0.00%,UK
02/04/2020,0.0,0.00%,UK
02/05/2020,0.0,0.00%,UK
02/06/2020,0.0,0.00%,UK
02/07/2020,0.5,50.00%,UK
02/08/2020,0.0,0.00%,UK
02/09/2020,0.0,0.00%,UK
02/10/2020,1.6666666666666665,166.67%,UK
02/11/2020,0.0,0.00%,UK
02/12/2020,0.125,12.50%,UK
02/13/2020,0.0,0.00%,UK
02/14/2020,0.0,0.00%,UK
02/15/2020,0.0,0.00%,UK
02/16/2020,0.0,0.00%,UK
02/17/2020,0.0,0.00%,UK
02/18/2020,0.0,0.00%,UK
02/19/2020,0.0,0.00%,UK
02/20/2020,0.0,0.00%,UK
02/21/2020,0.0,0.00%,UK
02/22/2020,0.0,0.00%,UK
02/23/2020,0.0,0.00%,UK
02/24/2020,0.4444444444444444,44.44%,UK
02/25/2020,0.0,0.00%,UK
02/26/2020,0.0,0.00%,UK
02/27/2020,0.15384615384615374,15.38%,UK
02/28/2020,0.33333333333333326,33.33%,UK
02/29/2020,0.1499999999999999,15.00%,UK
03/01/2020,0.5652173913043479,56.52%,UK
03/02/2020,0.11111111111111116,11.11%,UK
03/03/2020,0.2749999999999999,27.50%,UK
03/04/2020,0.6666666666666667,66.67%,UK
03/05/2020,0.3529411764705883,35.29%,UK
03/06/2020,0.4173913043478261,41.74%,UK
03/07/2020,0.2638036809815951,26.38%,UK
03/08/2020,0.325242718446602,32.52%,UK
03/09/2020,0.17582417582417587,17.58%,UK
03/10/2020,0.190031152647975,19.00%,UK
03/11/2020,0.20157068062827221,20.16%,UK
03/12/2020,0.0,0.00%,UK
03/13/2020,0.7450980392156863,74.51%,UK
03/14/2020,0.4269662921348314,42.70%,UK
03/15/2020,0.0008748906386701893,0.09%,UK
03/16/2020,0.35576923076923084,35.58%,UK
03/17/2020,0.2637008381689232,26.37%,UK
03/18/2020,0.34795918367346945,34.80%,UK
03/19/2020,0.028009084027251996,2.80%,UK
03/20/2020,0.4779086892488955,47.79%,UK
03/21/2020,0.2623318385650224,26.23%,UK
03/22/2020,0.13301756463390557,13.30%,UK
03/23/2020,0.17157289670789067,17.16%,UK
03/24/2020,0.21379720487659837,21.38%,UK
03/25/2020,0.1807937285644292,18.08%,UK
03/26/2020,0.22531120331950216,22.53%,UK
03/27/2020,0.24830680663731797,24.83%,UK
03/28/2020,0.17409291285181427,17.41%,UK
03/29/2020,0.1425600739371533,14.26%,UK
03/30/2020,0.13513650151668344,13.51%,UK
03/31/2020,0.13485948425600136,13.49%,UK
04/01/2020,0.17204976256818805,17.20%,UK
04/02/2020,0.14424912104470122,14.42%,UK
04/03/2020,0.13215111345214048,13.22%,UK
04/04/2020,0.09790896637287094,9.79%,UK
04/05/2020,0.14028768510017176,14.03%,UK
04/06/2020,0.07934181187546452,7.93%,UK
04/07/2020,0.07020027161957954,7.02%,UK
04/08/2020,0.0987506479114908,9.88%,UK
04/09/2020,0.07154244070664029,7.15%,UK
04/10/2020,0.13257529754675734,13.26%,UK
04/11/2020,0.07062529321091082,7.06%,UK
04/12/2020,0.06675513934446764,6.68%,UK
04/13/2020,0.05121705044245717,5.12%,UK
04/14/2020,0.05889248632354582,5.89%,UK
04/15/2020,0.04890083820971047,4.89%,UK
04/16/2020,0.04686227797714193,4.69%,UK
